{
  "feature_list": [
    "duration_seconds",
    "packets_total",
    "bytes_total",
    "packets_fwd",
    "packets_rev",
    "bytes_fwd",
    "bytes_rev",
    "bytes_per_packet",
    "syn_count",
    "fin_count",
    "rst_count",
    "syn_ratio",
    "rst_ratio",
    "interarrival_mean_ms",
    "interarrival_var_ms"
  ],
  "training_samples": 25,
  "contamination": 0.02,
  "timestamp": "2026-02-05T17:33:17.513034+00:00",
  "threshold": 3.122502256758253e-17,
  "scaler": {
    "mean": [
      2.6160563607200675,
      6.24,
      2235.04,
      4.08,
      2.16,
      1374.6,
      860.44,
      167.6133796028533,
      0.64,
      0.24,
      0.08,
      0.21109697320223636,
      0.015238095238095238,
      721.3090988752077,
      887239.5723791536
    ],
    "std": [
      2.8427286293222207,
      7.106504063180433,
      4497.8722923622445,
      4.1657652358240265,
      3.5516756608676987,
      2807.4617290356787,
      1906.9244154921298,
      176.42789528312107,
      0.8890444308357148,
      0.6499230723708772,
      0.2712931993250107,
      0.3953471556587671,
      0.06559685850560977,
      587.4506229770366,
      1620332.9744471954
    ]
  }
}